{"cameraMode":{"drawMode":0,"name":"Shaded","section":"Shading Mode"},"sceneLighting":false,"audioPlay":false,"sceneViewState":{"m_AlwaysRefresh":false,"showFog":true,"showSkybox":false,"showFlares":true,"showImageEffects":true,"showParticleSystems":true,"showVisualEffectGraphs":true,"m_FxEnabled":false},"in2DMode":false,"pivot":{"x":0.296708345413208,"y":-0.6233122944831848,"z":-0.003171265125274658},"rotation":{"x":-0.051297254860401157,"y":0.8593308925628662,"z":-0.5011911392211914,"w":-0.08795807510614395},"size":1.0071067810058594,"orthographic":false}